policy,dSE,SE_final,exc,good,fair,poor,outage,n
Random,-0.0037,1.8362,10.71,16.01,58.19,15.09,0.01626,1
Constant,0.146,1.9859,11.89,17.35,61.3,9.45,0.0096,1
PPO,0.262,2.102,17.62,16.19,55.3,10.9,0.0128,3
One-step g=0,0.3123,2.1523,18.46,16.64,54.37,10.52,0.01552,1
SAINT-identity,0.3358,2.1758,19.17,16.95,53.31,10.57,0.01498,3
QMIX,0.3423,2.1822,19.52,16.92,52.73,10.83,0.01422,3
SAC,0.3761,2.216,19.5,17.71,52.81,9.98,0.01349,3
BDQN naive,0.3625,2.2024,19.62,17.67,51.81,10.89,0.0136,3
BDQN tailored,0.4004,2.2403,20.83,17.12,52.03,10.02,0.01366,3
Tok3+DDQN abl,0.4334,2.2733,21.37,17.37,51.54,9.72,0.01346,3
PROPOSED Tok3+SAC,0.4636,2.3036,22.21,17.58,50.67,9.54,0.01337,3
